A,Monday,10:00AM - 11:00AM
B,Monday,10:00AM - 11:00AM
C,Monday,10:00AM - 11:00AM
A,Monday,12:00PM - 2:00PM
B,Monday,12:00PM - 2:00PM
C,Monday,12:00PM - 2:00PM
A,Monday,2:00PM - 3:00PM
A,Monday,4:00PM - 6:00PM
C,Monday,4:00PM - 6:00PM
A,Tuesday,9:00AM - 11:00AM
C,Tuesday,9:00AM - 11:00AM
A,Tuesday,11:00AM - 1:00PM
C,Tuesday,11:00AM - 1:00PM
B,Tuesday,12:00PM - 1:00PM
B,Tuesday,2:00PM - 4:00PM
B,Tuesday,4:00PM - 6:00PM
C,Wednesday,9:00AM - 10:00AM
A,Wednesday,10:00AM - 11:00AM
B,Wednesday,10:00AM - 11:00AM
C,Wednesday,10:00AM - 11:00AM
C,Wednesday,1:00PM - 2:00PM
A,Wednesday,2:00PM - 3:00PM
B,Wednesday,2:00PM - 3:00PM
C,Wednesday,2:00PM - 3:00PM
A,Wednesday,3:00PM - 4:00PM
B,Wednesday,3:00PM - 4:00PM
C,Wednesday,3:00PM - 4:00PM
A,Wednesday,4:00PM - 5:00PM
B,Wednesday,4:00PM - 5:00PM
C,Wednesday,4:00PM - 5:00PM
B,Thursday,9:00AM - 11:00AM
C,Thursday,11:00AM - 1:00PM
A,Thursday,2:00PM - 4:00PM
B,Friday,9:00AM - 11:00AM
A,Friday,11:00AM - 12:00PM
B,Friday,11:00AM - 12:00PM
C,Friday,11:00AM - 12:00PM